INSERT INTO Reader (ID, LastName, FirstName, Address, BirthDate)
VALUES
    (1, 'Иванов', 'Иван', 'Москва', '1990-01-15'),
    (2, 'Петров', 'Петр', 'Санкт-Петербург', '1985-05-20'),
    (3, 'Смирнова', 'Анна', 'Москва', '1992-11-10'),
    (4, 'Козлов', 'Алексей', 'Санкт-Петербург', '1988-03-25');

INSERT INTO Book (ISBN, Title, Author, PagesNum, PubYear, PubName)
VALUES
    ('978-1234567890', 'Путешествия по Горам', 'Известный автор', 300, 2015, 'Издательство ABC'),
    ('978-9876543210', 'Горные вершины', 'Легенда книг', 250, 2018, 'Издательство XYZ'),
    ('978-5678901234', 'Путешествия по миру', 'Еще одна легенда', 400, 2020, 'Издательство ABC');

INSERT INTO Publisher (PubName, PubAddress)
VALUES
    ('Издательство ABC', 'Москва'),
    ('Издательство XYZ', 'Санкт-Петербург');

INSERT INTO Category (CategoryName, ParentCat)
VALUES
    ('Горы', NULL),
    ('Путешествия', NULL);

INSERT INTO Copy (ISBN, CopyNumber, ShelfPosition)
VALUES
    ('978-1234567890', 1, 'A1'),
    ('978-1234567890', 2, 'A2'),
    ('978-9876543210', 1, 'B1'),
    ('978-5678901234', 1, 'C1');

INSERT INTO Borrowing (ReaderNr, ISBN, CopyNumber, ReturnDate)
VALUES
    (1, '978-1234567890', 1, '2023-01-10'),
    (2, '978-1234567890', 2, '2023-02-15'),
    (3, '978-9876543210', 1, '2023-03-20'),
    (4, '978-5678901234', 1, NULL);

INSERT INTO BookCat (ISBN, CategoryName)
VALUES
    ('978-1234567890', 'Горы'),
    ('978-9876543210', 'Горы'),
    ('978-1234567890', 'Путешествия'),
    ('978-5678901234', 'Горы');
